{
  "graphsage": {
    "precision": 0.5074496056091148,
    "recall": 0.5346260387811634,
    "f1": 0.52068345323741,
    "auc": 0.8663610399105584,
    "threshold": 0.49598339200019836
  },
  "gat": {
    "precision": 0.48491879350348027,
    "recall": 0.5789473684210527,
    "f1": 0.5277777777777778,
    "auc": 0.8570059300192212,
    "threshold": 0.48217645287513733
  },
  "mlp": {
    "precision": 0.4513715710723192,
    "recall": 0.5013850415512465,
    "f1": 0.4750656167979002,
    "auc": 0.8634381789735165,
    "threshold": 0.4587525427341461
  },
  "xgboost": {
    "precision": 0.730593607305936,
    "recall": 0.7386888273314867,
    "f1": 0.7346189164370983,
    "auc": 0.9312317287869398,
    "threshold": 0.43527519702911377
  }
}