{
  "threshold": 0.43527519702911377,
  "test_metrics": {
    "precision": 0.730593607305936,
    "recall": 0.7386888273314867,
    "f1": 0.7346189164370983,
    "auc": 0.9312317287869398,
    "threshold": 0.43527519702911377
  }
}